{
  "project_info": {
    "project_number": "27539554863",
    "project_id": "flushfinder-733b3",
    "storage_bucket": "flushfinder-733b3.appspot.com"
  },
  "client": [
    {
      "client_info": {
        "mobilesdk_app_id": "1:27539554863:android:6f9164eb54f4ca2acefcda",
        "android_client_info": {
          "package_name": "com.example.flushfinder"
        }
      },
      "oauth_client": [],
      "api_key": [
        {
          "current_key": "AIzaSyAdH_9iQRuv9IlnsUYjILTcq2eB6H0ZJbI"
        }
      ],
      "services": {
        "appinvite_service": {
          "other_platform_oauth_client": []
        }
      }
    }
  ],
  "configuration_version": "1"
}